prior_id,name,class_id,instance_id,panoptic_label,prior_state,prior_vertices,current_id,current_state,current_vertices,associated,centroid_distance_m,bbox_iou,delta_m,alpha,beta,stationarity_mean,decision,output_state
0,SM_Kitchen_a,17,0,Instance,Persistent,40212,0,Persistent,40212,1,0,1,0,5,1,0.833333,keep_current_supported_present,Persistent
1,SM_Door_a,14,1,Instance,Persistent,25179,1,Persistent,25179,1,0,1,0,5,1,0.833333,keep_current_supported_present,Persistent
2,SM_Floor_a,1,2,Background,Persistent,45711,2,Persistent,45711,1,0,1,0,2,1,0.666667,keep_non_instance_state,Persistent
3,SM_Walls_a,2,3,Background,Persistent,76950,3,Persistent,76950,1,0,1,0,2,1,0.666667,keep_non_instance_state,Persistent
4,SM_Chair_a,8,4,Instance,Persistent,8598,4,Persistent,8598,1,0,1,0,5,1,0.833333,keep_current_supported_present,Persistent
5,FreeSpace,-1,-1,FreeSpace,New,11703,-1,,0,0,inf,0,4,2,1,0.666667,keep_freespace_state,New
6,SM_Ceiling_a,0,5,Background,Persistent,46344,6,Persistent,46344,1,0,1,0,2,1,0.666667,keep_non_instance_state,Persistent
7,SM_Wall_Clock_a,28,6,Instance,Persistent,3840,7,Persistent,3840,1,0,1,0,5,1,0.833333,keep_current_supported_present,Persistent
8,SM_Table_Decor_a,25,8,Instance,Persistent,2853,8,Persistent,2853,1,0,1,0,5,1,0.833333,keep_current_supported_present,Persistent
9,SM_Picture_d,18,9,Instance,Persistent,9207,9,Persistent,9207,1,0,1,0,5,1,0.833333,keep_current_supported_present,Persistent
10,SM_Floor_a,1,12,Background,Persistent,528,10,Persistent,528,1,0,1,0,2,1,0.666667,keep_non_instance_state,Persistent
11,SM_Table_a,24,22,Instance,Persistent,16773,11,Persistent,16773,1,0,1,0,5,1,0.833333,keep_current_supported_present,Persistent
12,SM_Chair_b,8,24,Instance,Persistent,12555,12,Persistent,12555,1,0,1,0,5,1,0.833333,keep_current_supported_present,Persistent
13,SM_Coffee_Machine_a,29,29,Instance,Persistent,9180,13,Persistent,9180,1,0,1,0,5,1,0.833333,keep_current_supported_present,Persistent
14,SM_Floor_a,1,30,Background,Persistent,24417,14,Persistent,24417,1,0,1,0,2,1,0.666667,keep_non_instance_state,Persistent
15,SM_Walls_a,2,32,Background,New,172044,15,New,172044,1,0,1,0,2,1,0.666667,keep_non_instance_state,New
16,SM_Office_Chair_base_a,8,33,Instance,Absent,12660,16,Absent,12660,1,0,1,0,5,1,0.833333,restore_current_supported_prior,Persistent
17,SM_TV_Wall_a,2,35,Background,Persistent,40932,17,Persistent,40932,1,0,1,0,2,1,0.666667,keep_non_instance_state,Persistent
18,SM_Table_b,24,36,Instance,Absent,10278,18,Absent,10278,1,0,1,0,5,1,0.833333,restore_current_supported_prior,Persistent
19,SM_Door_b,14,41,Instance,Absent,15762,19,Absent,15762,1,0,1,0,5,1,0.833333,restore_current_supported_prior,Persistent
20,SM_Picture_e,18,42,Instance,Persistent,16092,20,Persistent,16092,1,0,1,0,5,1,0.833333,keep_current_supported_present,Persistent
21,SM_TV_a,27,43,Instance,Persistent,8937,21,Persistent,8937,1,0,1,0,5,1,0.833333,keep_current_supported_present,Persistent
22,SM_Windows_Windows_a,3,44,Background,Persistent,18540,22,Persistent,18540,1,0,1,0,2,1,0.666667,keep_non_instance_state,Persistent
23,SM_Journal_c,16,45,Instance,Persistent,7683,23,Persistent,7683,1,0,1,0,5,1,0.833333,keep_current_supported_present,Persistent
24,SM_Coffee_table_a,9,46,Instance,Persistent,11076,24,Persistent,11076,1,0,1,0,5,1,0.833333,keep_current_supported_present,Persistent
25,SM_Sofa_a,22,47,Instance,Persistent,23637,25,Persistent,23637,1,0,1,0,5,1,0.833333,keep_current_supported_present,Persistent
26,SM_Picture_b,18,52,Instance,Persistent,20190,26,Persistent,20190,1,0,1,0,5,1,0.833333,keep_current_supported_present,Persistent
27,SM_Floor_Lamp_a,15,55,Instance,Persistent,10923,27,Persistent,10923,1,0,1,0,5,1,0.833333,keep_current_supported_present,Persistent
28,SM_Ceiling_a,0,63,Background,New,70056,28,New,70056,1,0,1,0,2,1,0.666667,keep_non_instance_state,New
29,SM_Bed_b,4,82,Instance,Persistent,16356,29,Persistent,16356,1,0,1,0,5,1,0.833333,keep_current_supported_present,Persistent
30,SM_Picture_f,18,87,Instance,Persistent,9270,30,Persistent,9270,1,0,1,0,5,1,0.833333,keep_current_supported_present,Persistent
31,SM_Floor_a,1,95,Background,New,29955,31,New,29955,1,0,1,0,2,1,0.666667,keep_non_instance_state,New
32,SM_Bed_table_a,6,96,Instance,Persistent,8955,32,Persistent,8955,1,0,1,0,5,1,0.833333,keep_current_supported_present,Persistent
33,SM_Office_Chair_base_a,8,97,Instance,Persistent,7797,33,Persistent,7797,1,0,1,0,5,1,0.833333,keep_current_supported_present,Persistent
34,SM_Laptop_a,30,100,Instance,Persistent,10734,34,Persistent,10734,1,0,1,0,5,1,0.833333,keep_current_supported_present,Persistent
35,SM_Stack_of_Books_b,23,104,Instance,Persistent,16230,35,Persistent,16230,1,0,1,0,5,1,0.833333,keep_current_supported_present,Persistent
36,SM_Stack_of_Books_e,23,107,Instance,Persistent,16326,36,Persistent,16326,1,0,1,0,5,1,0.833333,keep_current_supported_present,Persistent
37,SM_Office_Chair_base_a,8,112,Instance,Absent,10011,37,Absent,10011,1,0,1,0,5,1,0.833333,restore_current_supported_prior,Persistent
38,SM_Laptop_a,30,116,Instance,New,11208,38,New,11208,1,0,1,0,5,1,0.833333,keep_current_supported_present,New
39,SM_Table_b,24,117,Instance,New,7359,39,New,7359,1,0,1,0,5,1,0.833333,keep_current_supported_present,New
40,SM_Office_Chair_base_a,8,118,Instance,New,2871,40,New,2871,1,0,1,0,5,1,0.833333,keep_current_supported_present,New
41,SM_Door_b,14,119,Instance,New,21933,41,New,21933,1,0,1,0,5,1,0.833333,keep_current_supported_present,New
42,SM_Bed_table_a,6,120,Instance,New,4374,42,New,4374,1,0,1,0,5,1,0.833333,keep_current_supported_present,New
